{"cameraMode":{"drawMode":0,"name":"Shaded","section":"Shading Mode"},"sceneLighting":false,"audioPlay":false,"sceneViewState":{"m_AlwaysRefresh":false,"showFog":true,"showSkybox":false,"showFlares":true,"showImageEffects":true,"showParticleSystems":true,"showVisualEffectGraphs":true,"m_FxEnabled":true},"in2DMode":false,"pivot":{"x":0.0013251309283077717,"y":-0.0018199915066361428,"z":-0.001887626014649868},"rotation":{"x":-0.3643551170825958,"y":0.061952538788318637,"z":-0.024300897493958474,"w":-0.928880512714386},"size":0.10624735057353974,"orthographic":false}